what did the program that you learn in high school ?,O-net score of mathematics at M.6 ,O-net score in Science at M.6 ,O-net score in English at M.6 ,2Whatsubjectgood,3Whichsideareyouinterest,4Whichsideareyouinterest,What faculties are you currently studying ?
1,2,1,1,1,0,1,3
1,2,1,2,1,1,1,1
1,2,2,2,1,0,1,1
1,1,1,1,1,0,0,3
1,3,3,2,0,1,1,3
1,2,2,2,1,1,1,3
1,2,1,1,1,0,1,1
1,2,1,2,1,0,0,1
1,2,2,2,0,1,1,1
1,3,2,2,1,0,1,1
5,3,3,3,1,0,0,1
1,1,2,1,1,1,1,1
5,3,2,3,1,0,1,1
1,2,1,1,0,1,1,1
2,0,1,1,1,1,1,1
1,2,2,1,1,0,1,1
1,2,2,2,1,1,1,1
2,1,1,2,0,1,0,6
1,2,2,2,0,1,1,6
1,1,2,1,0,1,0,1
1,4,2,1,1,0,0,1
1,3,1,1,1,0,1,5
1,2,2,1,0,1,1,6
1,2,3,2,1,0,1,1
1,1,2,1,0,1,1,1
1,1,2,2,0,0,0,1
1,3,3,2,1,0,0,6
1,0,2,1,0,0,0,1
1,2,3,3,0,0,0,1
1,1,2,2,0,1,0,1
2,1,1,2,0,0,0,5
1,1,2,1,0,0,0,1
1,1,1,2,0,0,1,1
5,4,3,2,1,0,0,1
1,2,3,2,1,1,1,2
1,3,3,3,0,0,1,1
1,4,2,3,1,0,1,1
5,3,3,2,0,1,1,1
1,3,3,3,1,0,1,2
1,3,3,2,0,0,0,1
1,0,2,1,0,0,0,1
1,2,2,1,0,0,1,1
1,3,2,3,0,1,1,1
1,2,2,2,0,0,0,1
1,2,2,2,0,0,0,1
1,3,2,1,1,0,0,1
2,2,1,2,0,0,1,5
2,2,1,2,0,0,1,5
1,1,1,2,0,0,1,6
1,2,3,2,0,0,1,2
3,1,1,2,1,0,1,6
5,4,3,2,1,1,1,2
1,3,2,1,1,0,1,5
1,3,2,2,1,0,0,2
5,4,3,4,0,1,1,2
1,2,2,2,0,0,0,1
1,2,2,2,1,0,0,2
1,3,2,1,1,0,1,2
1,1,2,1,0,0,0,4
1,3,3,3,1,0,1,3
1,3,2,2,1,1,1,5
2,1,2,3,0,1,1,6
1,3,2,2,1,0,0,1
1,2,2,1,1,0,0,1
1,2,1,1,1,0,1,6
1,3,2,2,1,0,0,1
1,3,4,3,1,1,1,1
1,3,2,3,1,1,1,2
1,2,2,1,1,0,0,1
1,3,3,2,1,0,0,1
1,1,2,1,0,1,1,3
1,2,1,1,1,0,1,1
1,2,2,1,1,1,0,1
1,2,2,2,0,0,0,4
1,2,1,1,0,1,1,1
1,2,2,2,1,1,1,2
1,1,2,1,1,0,0,3
1,2,2,1,1,1,1,1
1,2,2,1,1,1,1,1
1,2,1,2,1,1,1,6
1,2,2,1,1,0,0,2
1,2,2,1,1,0,0,2
1,2,2,1,0,0,0,5
1,3,3,2,1,0,0,1
1,3,2,2,1,0,1,1
1,3,2,3,1,0,1,1
1,3,2,2,1,1,1,5
1,2,3,2,1,0,0,1
1,1,1,0,0,0,1,1
1,3,3,3,0,0,0,6
1,2,2,2,1,1,1,2
1,2,2,2,0,0,0,1
1,2,2,2,1,0,0,5
1,2,2,1,1,0,0,5
1,2,2,2,0,0,1,4
1,1,1,0,0,0,1,1
1,4,2,3,1,0,1,5
1,2,2,2,1,1,1,2
1,1,2,1,1,0,1,1
1,1,2,1,0,0,0,3
1,2,1,2,1,0,0,2
1,2,2,1,1,0,0,2
1,2,2,2,1,1,1,6
1,2,2,1,1,1,1,1
1,2,2,1,1,1,1,1
1,2,1,2,0,0,0,5
1,2,1,1,1,0,1,1
1,2,1,1,1,0,1,1
1,3,2,2,1,0,0,5
1,1,2,1,1,0,1,1
1,2,3,2,0,0,0,5
1,1,2,1,1,0,1,1
1,4,3,4,1,0,0,1
1,3,3,2,1,0,0,1
4,1,2,1,0,0,1,4
1,2,3,2,1,1,1,2
1,3,3,2,1,0,0,2
1,3,3,2,0,0,0,3
4,2,2,3,0,0,1,6
1,3,3,2,1,1,1,1
4,1,1,3,0,0,1,4
1,1,2,2,1,0,0,1
1,3,2,2,1,0,0,2
1,1,2,1,0,0,0,3
1,2,1,1,1,0,1,1
1,2,1,1,1,0,1,1
1,2,1,1,1,0,1,1
1,2,1,1,1,0,1,1
1,2,1,1,1,0,1,1
1,3,3,3,1,0,0,2
1,4,3,2,1,1,0,2
1,3,3,3,1,0,0,2
1,3,3,3,1,1,1,2
2,3,3,4,0,0,1,5
1,3,3,3,0,0,0,2
2,3,2,3,0,0,0,4
1,3,3,3,1,0,0,2
4,1,2,2,0,1,1,4
3,2,2,4,0,0,0,4
1,3,3,2,1,1,0,2
4,1,2,4,0,0,1,4
1,2,2,2,0,1,1,4
1,2,2,3,1,1,1,3
1,3,3,3,1,0,0,2
1,4,3,3,1,0,0,2
1,2,2,3,0,1,0,3
2,3,3,3,0,1,1,6
1,2,3,3,0,0,0,5
1,2,3,2,0,0,0,3
1,3,2,1,0,0,0,4
2,3,2,2,0,0,1,3
4,1,2,2,0,0,1,4
4,2,2,2,0,0,1,4
3,1,2,3,0,1,1,4
1,3,3,3,0,0,1,5
1,2,3,3,1,0,1,4
1,2,2,2,1,0,0,1
1,1,2,4,0,1,0,5
1,2,3,3,1,1,1,3
1,3,3,3,0,1,0,3
1,3,2,2,1,1,1,4
1,3,3,2,0,0,1,5
1,3,1,2,0,1,1,6
1,2,3,3,1,0,0,1
1,4,3,3,1,1,0,2
2,2,3,3,1,1,0,5
5,3,2,3,0,1,0,3
4,3,3,3,0,1,1,4
5,3,2,3,0,1,0,3
1,2,3,4,0,1,0,4
1,2,2,3,0,1,1,4
4,2,3,3,0,1,1,4
1,2,2,2,0,1,1,5
1,2,3,2,0,1,0,6
1,2,3,4,0,1,0,5
2,3,2,4,1,0,0,6
1,3,2,2,0,1,0,6
2,2,2,4,1,1,0,6
1,3,2,2,0,0,1,3
2,3,2,2,0,1,1,6
2,2,2,3,0,0,1,6
2,2,3,3,0,0,0,6
2,2,2,3,0,1,1,6
2,2,2,2,1,1,0,6
2,2,2,3,0,1,1,4
1,2,2,2,0,1,0,3
1,2,2,3,0,0,1,4
1,2,2,2,0,1,0,3
4,2,2,2,0,0,1,4
1,2,2,2,0,0,0,3
1,2,2,2,0,1,0,3
1,3,3,3,1,0,1,2
1,3,3,4,1,1,0,2
1,3,3,2,0,0,1,1
4,1,2,2,0,1,0,4
1,2,3,2,0,0,1,5
1,3,3,2,0,1,1,6
1,3,2,1,1,1,1,1
1,3,2,3,1,1,0,6
1,3,2,1,1,1,0,1
1,2,3,2,1,1,0,2
1,3,3,3,1,1,0,5
1,3,3,2,1,1,0,2
1,2,2,3,1,1,0,5
4,1,2,3,0,1,1,4
3,1,2,3,0,1,1,4
1,1,2,2,1,0,0,6
1,1,2,3,0,1,1,5
1,1,2,3,0,1,1,5
2,3,3,3,1,1,1,6
1,3,3,2,1,0,1,2
1,3,3,3,1,1,1,6
1,2,2,2,0,1,0,3
4,2,2,3,0,1,1,4
1,3,3,2,0,0,0,1
3,2,2,2,0,1,1,4
2,3,3,4,0,1,0,4
3,2,2,3,0,1,1,4
2,2,2,2,0,1,1,4
3,1,2,2,0,0,1,4
1,1,1,1,0,0,0,2
1,3,3,3,0,1,0,3
4,2,2,2,0,1,1,5
1,2,2,4,0,1,1,3
2,2,2,3,0,1,1,3
1,2,3,2,0,1,1,3
1,2,2,3,0,1,0,3
1,4,2,2,1,1,1,3
1,3,3,3,1,0,1,5
1,2,2,4,0,0,1,5
1,3,2,3,0,1,0,5
1,3,3,3,0,0,1,5
1,2,2,4,0,1,1,3
4,1,2,2,0,1,1,4
1,3,2,2,1,0,0,2
1,4,4,4,1,1,0,2
1,2,3,2,1,1,1,2
1,4,4,3,1,1,0,2
2,3,1,3,0,0,0,4
1,2,3,2,0,1,1,3
3,2,2,2,0,1,1,4
2,3,1,3,0,0,0,4
,,,,,,,
,,,,,,,
,,,,,,,
,,,,,,,
,,,,,,,
,,,,,,,
,,,,,,,
,,,,,,,
,,,,,,,